{"stats":{"minecraft:killed":{"minecraft:pig":16,"minecraft:sheep":6,"minecraft:chicken":11,"minecraft:cow":3},"minecraft:dropped":{"minecraft:wheat_seeds":2,"minecraft:cocoa_beans":2,"minecraft:oak_sapling":1},"minecraft:crafted":{"minecraft:cooked_beef":7,"minecraft:cooked_porkchop":6,"minecraft:crafting_table":1,"minecraft:wooden_pickaxe":1,"minecraft:cooked_chicken":8,"minecraft:furnace":4,"minecraft:stone_axe":1,"minecraft:air":0,"minecraft:jungle_planks":28,"minecraft:shield":1,"minecraft:stick":8,"minecraft:iron_ingot":1,"minecraft:stone_pickaxe":1,"minecraft:stone_sword":1,"minecraft:white_bed":1},"minecraft:custom":{"minecraft:interact_with_furnace":11,"minecraft:mob_kills":36,"minecraft:interact_with_crafting_table":7,"minecraft:time_since_death":17552,"minecraft:sleep_in_bed":1,"minecraft:climb_one_cm":868,"minecraft:time_since_rest":4845,"minecraft:sprint_one_cm":70930,"minecraft:damage_taken":58,"minecraft:walk_one_cm":17423,"minecraft:damage_blocked_by_shield":41,"minecraft:drop":4,"minecraft:damage_dealt":2830,"minecraft:swim_one_cm":11415,"minecraft:fly_one_cm":111118,"minecraft:open_chest":1,"minecraft:crouch_one_cm":6410,"minecraft:play_time":17552,"minecraft:sneak_time":2117,"minecraft:walk_under_water_one_cm":891,"minecraft:jump":582,"minecraft:walk_on_water_one_cm":987,"minecraft:total_world_time":17552,"minecraft:fall_one_cm":17813},"minecraft:mined":{"minecraft:white_bed":1,"minecraft:crafting_table":3,"minecraft:short_grass":26,"minecraft:grass_block":2,"minecraft:melon":2,"minecraft:jungle_log":7,"minecraft:tall_grass":2,"minecraft:sugar_cane":4,"minecraft:furnace":4,"minecraft:iron_ore":1,"minecraft:birch_leaves":2,"minecraft:coal_ore":18,"minecraft:oak_log":11,"minecraft:dirt":7,"minecraft:stone":51,"minecraft:oak_leaves":1,"minecraft:fern":5},"minecraft:picked_up":{"minecraft:cocoa_beans":2,"minecraft:crafting_table":3,"minecraft:feather":10,"minecraft:chicken":11,"minecraft:jungle_log":7,"minecraft:leather":4,"minecraft:oak_log":10,"minecraft:dirt":8,"minecraft:wheat_seeds":2,"minecraft:beef":7,"minecraft:melon_slice":11,"minecraft:sugar_cane":10,"minecraft:furnace":4,"minecraft:raw_iron":1,"minecraft:porkchop":31,"minecraft:white_bed":1,"minecraft:oak_sapling":1,"minecraft:mutton":10,"minecraft:coal":18,"minecraft:white_wool":6,"minecraft:cobblestone":50},"minecraft:used":{"minecraft:golden_boots":1,"minecraft:stone_sword":60,"minecraft:stone_pickaxe":72,"minecraft:wooden_pickaxe":4,"minecraft:shield":1,"minecraft:dirt":8,"minecraft:crafting_table":3,"minecraft:jungle_planks":1,"minecraft:white_bed":1,"minecraft:melon_slice":6,"minecraft:stone_axe":29,"minecraft:cobblestone":10,"minecraft:furnace":4,"minecraft:cooked_porkchop":1}},"DataVersion":3953}