{"stats":{"minecraft:mined":{"minecraft:tuff":4,"minecraft:white_bed":1,"minecraft:dark_oak_leaves":5,"minecraft:deepslate_diamond_ore":20,"minecraft:sculk_vein":13,"minecraft:dark_oak_log":10,"minecraft:crafting_table":6,"minecraft:short_grass":14,"minecraft:melon":13,"minecraft:tall_grass":6,"minecraft:copper_ore":1,"minecraft:cobblestone":4,"minecraft:deepslate_gold_ore":4,"minecraft:lapis_ore":2,"minecraft:sugar_cane":3,"minecraft:sculk":39,"minecraft:wall_torch":2,"minecraft:spawner":1,"minecraft:furnace":5,"minecraft:iron_ore":41,"minecraft:cobbled_deepslate":4,"minecraft:birch_leaves":1,"minecraft:deepslate_lapis_ore":2,"minecraft:sculk_shrieker":1,"minecraft:oak_log":37,"minecraft:coal_ore":29,"minecraft:deepslate_iron_ore":6,"minecraft:cave_vines":4,"minecraft:gravel":11,"minecraft:dirt":6,"minecraft:stone":80,"minecraft:deepslate":199,"minecraft:oak_leaves":1,"minecraft:fern":2},"minecraft:custom":{"minecraft:interact_with_furnace":36,"minecraft:mob_kills":47,"minecraft:interact_with_crafting_table":20,"minecraft:leave_game":1,"minecraft:time_since_death":51858,"minecraft:sleep_in_bed":1,"minecraft:climb_one_cm":1264,"minecraft:time_since_rest":38716,"minecraft:sprint_one_cm":166984,"minecraft:damage_taken":637,"minecraft:walk_one_cm":59119,"minecraft:damage_blocked_by_shield":861,"minecraft:drop":30,"minecraft:damage_dealt":5413,"minecraft:swim_one_cm":3156,"minecraft:fly_one_cm":168074,"minecraft:open_chest":2,"minecraft:crouch_one_cm":36412,"minecraft:play_time":51858,"minecraft:sneak_time":14087,"minecraft:walk_under_water_one_cm":1219,"minecraft:jump":1085,"minecraft:walk_on_water_one_cm":3741,"minecraft:total_world_time":51858,"minecraft:fall_one_cm":33226},"minecraft:used":{"minecraft:cooked_mutton":11,"minecraft:water_bucket":11,"minecraft:stone_sword":21,"minecraft:stone_pickaxe":113,"minecraft:wooden_pickaxe":3,"minecraft:shield":12,"minecraft:iron_sword":52,"minecraft:iron_chestplate":1,"minecraft:torch":3,"minecraft:glow_berries":11,"minecraft:dirt":6,"minecraft:crafting_table":6,"minecraft:white_bed":1,"minecraft:tuff":3,"minecraft:iron_hoe":51,"minecraft:dark_oak_planks":5,"minecraft:diamond_pickaxe":125,"minecraft:iron_pickaxe":174,"minecraft:gravel":1,"minecraft:stone_axe":91,"minecraft:cobblestone":32,"minecraft:furnace":5,"minecraft:bucket":12,"minecraft:cobbled_deepslate":48,"minecraft:iron_leggings":1},"minecraft:dropped":{"minecraft:wheat_seeds":4,"minecraft:stone_sword":1,"minecraft:cobbled_deepslate":1,"minecraft:raw_copper":4,"minecraft:raw_iron":1,"minecraft:glow_berries":1,"minecraft:rotten_flesh":4,"minecraft:leather":2,"minecraft:melon_slice":4,"minecraft:oak_sapling":1,"minecraft:arrow":6,"minecraft:stone_pickaxe":1,"minecraft:iron_pickaxe":1,"minecraft:bone":5},"minecraft:crafted":{"minecraft:cooked_beef":6,"minecraft:crafting_table":1,"minecraft:wooden_pickaxe":1,"minecraft:iron_sword":1,"minecraft:furnace":3,"minecraft:bucket":1,"minecraft:stone_axe":1,"minecraft:cooked_mutton":26,"minecraft:air":0,"minecraft:diamond_pickaxe":1,"minecraft:book":1,"minecraft:iron_chestplate":1,"minecraft:paper":3,"minecraft:shield":1,"minecraft:iron_hoe":1,"minecraft:stick":20,"minecraft:iron_ingot":40,"minecraft:iron_pickaxe":1,"minecraft:stone_pickaxe":1,"minecraft:stone_sword":1,"minecraft:iron_leggings":1,"minecraft:white_bed":1,"minecraft:dark_oak_planks":40,"minecraft:torch":4},"minecraft:picked_up":{"minecraft:crafting_table":6,"minecraft:leather":3,"minecraft:flint":1,"minecraft:tuff":4,"minecraft:oak_log":37,"minecraft:lapis_lazuli":27,"minecraft:dirt":6,"minecraft:raw_copper":4,"minecraft:bone":5,"minecraft:wheat_seeds":4,"minecraft:cobbled_deepslate":201,"minecraft:raw_gold":4,"minecraft:iron_ingot":1,"minecraft:beef":6,"minecraft:melon_slice":68,"minecraft:sugar_cane":3,"minecraft:furnace":5,"minecraft:raw_iron":51,"minecraft:torch":3,"minecraft:gravel":15,"minecraft:porkchop":25,"minecraft:white_bed":1,"minecraft:dark_oak_log":10,"minecraft:arrow":6,"minecraft:rotten_flesh":4,"minecraft:diamond":20,"minecraft:oak_sapling":1,"minecraft:glow_berries":12,"minecraft:black_wool":1,"minecraft:mutton":40,"minecraft:coal":29,"minecraft:white_wool":22,"minecraft:cobblestone":84},"minecraft:killed":{"minecraft:pig":11,"minecraft:spider":1,"minecraft:sheep":23,"minecraft:skeleton":2,"minecraft:zombie":6,"minecraft:cow":4}},"DataVersion":3953}