{"stats":{"minecraft:killed":{"minecraft:pig":20,"minecraft:sheep":9,"minecraft:skeleton":1,"minecraft:zombie":1,"minecraft:chicken":15,"minecraft:cow":8},"minecraft:dropped":{"minecraft:wheat_seeds":4,"minecraft:cocoa_beans":2,"minecraft:light_gray_wool":1,"minecraft:oak_sapling":1,"minecraft:arrow":2,"minecraft:bone":1},"minecraft:crafted":{"minecraft:cooked_beef":7,"minecraft:cooked_porkchop":6,"minecraft:crafting_table":1,"minecraft:wooden_pickaxe":1,"minecraft:cooked_chicken":8,"minecraft:furnace":4,"minecraft:stone_axe":1,"minecraft:air":0,"minecraft:jungle_planks":28,"minecraft:shield":1,"minecraft:stick":8,"minecraft:iron_ingot":1,"minecraft:stone_pickaxe":1,"minecraft:stone_sword":1,"minecraft:white_bed":1},"minecraft:custom":{"minecraft:interact_with_furnace":11,"minecraft:mob_kills":54,"minecraft:interact_with_crafting_table":7,"minecraft:time_since_death":29552,"minecraft:sleep_in_bed":1,"minecraft:climb_one_cm":868,"minecraft:time_since_rest":16845,"minecraft:sprint_one_cm":93478,"minecraft:damage_taken":232,"minecraft:walk_one_cm":23181,"minecraft:damage_blocked_by_shield":41,"minecraft:drop":9,"minecraft:damage_dealt":4530,"minecraft:swim_one_cm":12274,"minecraft:fly_one_cm":157577,"minecraft:open_chest":1,"minecraft:crouch_one_cm":7007,"minecraft:play_time":29552,"minecraft:sneak_time":2257,"minecraft:walk_under_water_one_cm":1865,"minecraft:jump":796,"minecraft:walk_on_water_one_cm":1450,"minecraft:total_world_time":29552,"minecraft:fall_one_cm":25122},"minecraft:mined":{"minecraft:white_bed":1,"minecraft:crafting_table":3,"minecraft:short_grass":35,"minecraft:grass_block":2,"minecraft:melon":2,"minecraft:jungle_planks":5,"minecraft:jungle_log":7,"minecraft:tall_grass":2,"minecraft:sugar_cane":4,"minecraft:furnace":4,"minecraft:iron_ore":1,"minecraft:birch_leaves":2,"minecraft:coal_ore":18,"minecraft:oak_log":13,"minecraft:dirt":7,"minecraft:stone":51,"minecraft:oak_leaves":1,"minecraft:fern":5},"minecraft:picked_up":{"minecraft:cocoa_beans":2,"minecraft:crafting_table":3,"minecraft:feather":13,"minecraft:chicken":15,"minecraft:jungle_log":7,"minecraft:leather":8,"minecraft:oak_log":13,"minecraft:dirt":8,"minecraft:bone":1,"minecraft:wheat_seeds":4,"minecraft:beef":19,"minecraft:light_gray_wool":1,"minecraft:melon_slice":11,"minecraft:sugar_cane":10,"minecraft:egg":1,"minecraft:furnace":4,"minecraft:raw_iron":1,"minecraft:porkchop":37,"minecraft:jungle_planks":5,"minecraft:white_bed":1,"minecraft:arrow":2,"minecraft:oak_sapling":1,"minecraft:mutton":14,"minecraft:coal":18,"minecraft:white_wool":8,"minecraft:cobblestone":50},"minecraft:used":{"minecraft:golden_boots":1,"minecraft:stone_sword":81,"minecraft:stone_pickaxe":72,"minecraft:wooden_pickaxe":4,"minecraft:shield":1,"minecraft:dirt":8,"minecraft:crafting_table":3,"minecraft:jungle_planks":7,"minecraft:white_bed":1,"minecraft:oak_log":2,"minecraft:melon_slice":6,"minecraft:stone_axe":49,"minecraft:cobblestone":10,"minecraft:furnace":4,"minecraft:cooked_porkchop":4,"minecraft:egg":1}},"DataVersion":3953}