{"stats":{"minecraft:killed":{"minecraft:bogged":2,"minecraft:spider":33,"minecraft:skeleton":5,"minecraft:chicken":16,"minecraft:silverfish":11,"minecraft:pig":26,"minecraft:sheep":13,"minecraft:zombie":5,"minecraft:stray":9,"minecraft:breeze":4,"minecraft:cow":21},"minecraft:dropped":{"minecraft:enchanted_book":1,"minecraft:golden_boots":2,"minecraft:bread":3,"minecraft:wheat_seeds":9,"minecraft:ender_pearl":4,"minecraft:crafting_table":1,"minecraft:decorated_pot":5,"minecraft:feather":14,"minecraft:cobblestone":7,"minecraft:waxed_copper_grate":5,"minecraft:torch":12,"minecraft:melon_slice":5,"minecraft:iron_axe":1,"minecraft:iron_pickaxe":1,"minecraft:string":4,"minecraft:bone":8,"minecraft:waxed_cut_copper_slab":3,"minecraft:oak_door":3,"minecraft:stone_axe":1,"minecraft:sugar_cane":1,"minecraft:oak_trapdoor":1,"minecraft:chiseled_tuff_bricks":2,"minecraft:stone_sword":1,"minecraft:cocoa_beans":2,"minecraft:raw_iron":2,"minecraft:rotten_flesh":1,"minecraft:light_gray_wool":1,"minecraft:enchanted_golden_apple":1,"minecraft:honey_bottle":4,"minecraft:tipped_arrow":14,"minecraft:shield":2,"minecraft:oak_sapling":1,"minecraft:spider_eye":11,"minecraft:arrow":5,"minecraft:wooden_pickaxe":1,"minecraft:stone_pickaxe":2,"minecraft:brick":16},"minecraft:crafted":{"minecraft:oak_door":6,"minecraft:oak_planks":64,"minecraft:cooked_chicken":16,"minecraft:wind_charge":24,"minecraft:furnace":4,"minecraft:bookshelf":2,"minecraft:cooked_mutton":18,"minecraft:oak_trapdoor":2,"minecraft:diamond_helmet":1,"minecraft:diamond_leggings":1,"minecraft:iron_axe":1,"minecraft:stone_pickaxe":2,"minecraft:diamond_boots":1,"minecraft:cooked_beef":38,"minecraft:diamond_sword":1,"minecraft:emerald":9,"minecraft:cooked_porkchop":49,"minecraft:crafting_table":1,"minecraft:enchanting_table":1,"minecraft:wooden_pickaxe":1,"minecraft:stone_axe":1,"minecraft:air":0,"minecraft:jungle_planks":28,"minecraft:book":7,"minecraft:paper":21,"minecraft:diamond_pickaxe":1,"minecraft:shield":3,"minecraft:stick":52,"minecraft:iron_ingot":49,"minecraft:iron_pickaxe":1,"minecraft:stone_sword":2,"minecraft:white_bed":1,"minecraft:diamond_chestplate":1},"minecraft:broken":{"minecraft:stone_sword":1},"minecraft:custom":{"minecraft:mob_kills":149,"minecraft:interact_with_crafting_table":23,"minecraft:open_barrel":9,"minecraft:leave_game":1,"minecraft:time_since_death":107364,"minecraft:climb_one_cm":3368,"minecraft:sprint_one_cm":383887,"minecraft:walk_one_cm":138959,"minecraft:damage_blocked_by_shield":2679,"minecraft:drop":93,"minecraft:play_time":107364,"minecraft:sneak_time":16954,"minecraft:walk_under_water_one_cm":5384,"minecraft:jump":2261,"minecraft:walk_on_water_one_cm":6586,"minecraft:enchant_item":7,"minecraft:total_world_time":107364,"minecraft:interact_with_furnace":52,"minecraft:sleep_in_bed":2,"minecraft:time_since_rest":75879,"minecraft:damage_taken":2020,"minecraft:damage_dealt":18213,"minecraft:swim_one_cm":31172,"minecraft:fly_one_cm":459785,"minecraft:open_chest":10,"minecraft:crouch_one_cm":50303,"minecraft:fall_one_cm":77009,"minecraft:inspect_dispenser":6},"minecraft:mined":{"minecraft:waxed_cut_copper_slab":8,"minecraft:tuff":7,"minecraft:white_bed":2,"minecraft:deepslate_diamond_ore":33,"minecraft:obsidian":3,"minecraft:grass_block":4,"minecraft:decorated_pot":36,"minecraft:jungle_planks":5,"minecraft:jungle_log":7,"minecraft:chiseled_tuff_bricks":3,"minecraft:tuff_bricks":10,"minecraft:spawner":1,"minecraft:furnace":15,"minecraft:waxed_copper_grate":10,"minecraft:iron_ore":25,"minecraft:cobbled_deepslate":7,"minecraft:polished_tuff":1,"minecraft:enchanting_table":3,"minecraft:chiseled_tuff":2,"minecraft:bookshelf":2,"minecraft:deepslate_iron_ore":24,"minecraft:stone":125,"minecraft:waxed_cut_copper":2,"minecraft:crafting_table":9,"minecraft:short_grass":48,"minecraft:melon":2,"minecraft:tall_grass":5,"minecraft:cobblestone":7,"minecraft:lapis_ore":4,"minecraft:sugar_cane":8,"minecraft:birch_leaves":2,"minecraft:waxed_copper_block":1,"minecraft:oak_log":54,"minecraft:coal_ore":33,"minecraft:waxed_oxidized_copper":1,"minecraft:gravel":1,"minecraft:dirt":12,"minecraft:cobweb":25,"minecraft:dispenser":8,"minecraft:oak_leaves":6,"minecraft:deepslate":216,"minecraft:fern":5},"minecraft:picked_up":{"minecraft:cocoa_beans":2,"minecraft:crafting_table":10,"minecraft:ominous_bottle":1,"minecraft:chicken":16,"minecraft:wooden_pickaxe":1,"minecraft:enchanted_book":1,"minecraft:shield":1,"minecraft:brick":16,"minecraft:wind_charge":8,"minecraft:string":55,"minecraft:waxed_cut_copper_slab":3,"minecraft:iron_axe":1,"minecraft:cobbled_deepslate":218,"minecraft:beef":47,"minecraft:trial_key":8,"minecraft:light_gray_wool":1,"minecraft:enchanted_golden_apple":1,"minecraft:melon_slice":11,"minecraft:sugar_cane":22,"minecraft:furnace":15,"minecraft:egg":1,"minecraft:tipped_arrow":16,"minecraft:raw_iron":50,"minecraft:oak_door":1,"minecraft:torch":8,"minecraft:porkchop":85,"minecraft:waxed_copper_grate":6,"minecraft:arrow":83,"minecraft:honey_bottle":4,"minecraft:rotten_flesh":1,"minecraft:decorated_pot":17,"minecraft:tuff_bricks":4,"minecraft:obsidian":3,"minecraft:mutton":18,"minecraft:white_wool":12,"minecraft:cobblestone":129,"minecraft:enchanting_table":3,"minecraft:feather":14,"minecraft:cooked_beef":1,"minecraft:golden_carrot":1,"minecraft:jungle_log":7,"minecraft:leather":25,"minecraft:tuff":7,"minecraft:oak_log":54,"minecraft:golden_boots":1,"minecraft:lapis_lazuli":29,"minecraft:dirt":15,"minecraft:bone":1,"minecraft:bow":1,"minecraft:wheat_seeds":9,"minecraft:iron_ingot":15,"minecraft:cooked_chicken":1,"minecraft:book":6,"minecraft:emerald_block":1,"minecraft:cooked_porkchop":2,"minecraft:gravel":1,"minecraft:jungle_planks":5,"minecraft:white_bed":2,"minecraft:spider_eye":13,"minecraft:diamond":35,"minecraft:breeze_rod":6,"minecraft:emerald":17,"minecraft:bread":3,"minecraft:baked_potato":1,"minecraft:oak_sapling":1,"minecraft:chiseled_tuff_bricks":3,"minecraft:coal":33,"minecraft:ender_pearl":4},"minecraft:used":{"minecraft:oak_trapdoor":1,"minecraft:tuff_bricks":4,"minecraft:stone_sword":153,"minecraft:enchanting_table":3,"minecraft:decorated_pot":5,"minecraft:shield":49,"minecraft:trial_key":6,"minecraft:oak_door":1,"minecraft:dirt":15,"minecraft:jungle_planks":12,"minecraft:diamond_helmet":2,"minecraft:waxed_copper_grate":1,"minecraft:tuff":4,"minecraft:bookshelf":2,"minecraft:iron_axe":22,"minecraft:diamond_chestplate":2,"minecraft:bow":8,"minecraft:golden_carrot":1,"minecraft:furnace":15,"minecraft:egg":1,"minecraft:cooked_beef":22,"minecraft:cobbled_deepslate":98,"minecraft:golden_boots":1,"minecraft:water_bucket":7,"minecraft:diamond_boots":2,"minecraft:stone_pickaxe":243,"minecraft:baked_potato":1,"minecraft:ender_pearl":1,"minecraft:wooden_pickaxe":4,"minecraft:crafting_table":9,"minecraft:white_bed":2,"minecraft:oak_log":2,"minecraft:diamond_pickaxe":229,"minecraft:wind_charge":17,"minecraft:melon_slice":6,"minecraft:iron_pickaxe":76,"minecraft:gravel":1,"minecraft:stone_axe":108,"minecraft:diamond_sword":190,"minecraft:cobblestone":77,"minecraft:cooked_porkchop":6,"minecraft:bucket":9,"minecraft:diamond_leggings":1}},"DataVersion":3953}