{"stats":{"minecraft:mined":{"minecraft:dark_oak_leaves":5,"minecraft:iron_ore":25,"minecraft:dark_oak_log":10,"minecraft:crafting_table":1,"minecraft:short_grass":1,"minecraft:oak_log":19,"minecraft:coal_ore":24,"minecraft:cave_vines":4,"minecraft:dirt":6,"minecraft:copper_ore":1,"minecraft:cobblestone":4,"minecraft:stone":61,"minecraft:oak_leaves":1},"minecraft:used":{"minecraft:cooked_mutton":2,"minecraft:dark_oak_planks":5,"minecraft:stone_sword":21,"minecraft:stone_pickaxe":113,"minecraft:wooden_pickaxe":3,"minecraft:stone_axe":27,"minecraft:glow_berries":11,"minecraft:dirt":6,"minecraft:cobblestone":23,"minecraft:crafting_table":2,"minecraft:furnace":2,"minecraft:white_bed":1},"minecraft:custom":{"minecraft:time_since_rest":2848,"minecraft:interact_with_furnace":16,"minecraft:sprint_one_cm":42160,"minecraft:damage_taken":230,"minecraft:walk_one_cm":19830,"minecraft:mob_kills":13,"minecraft:drop":7,"minecraft:damage_dealt":1431,"minecraft:interact_with_crafting_table":8,"minecraft:fly_one_cm":43442,"minecraft:crouch_one_cm":14136,"minecraft:play_time":15990,"minecraft:sneak_time":5814,"minecraft:jump":290,"minecraft:time_since_death":15990,"minecraft:walk_on_water_one_cm":559,"minecraft:sleep_in_bed":1,"minecraft:climb_one_cm":393,"minecraft:total_world_time":15990,"minecraft:fall_one_cm":7592},"minecraft:dropped":{"minecraft:raw_copper":4,"minecraft:raw_iron":1,"minecraft:rotten_flesh":2},"minecraft:crafted":{"minecraft:cooked_beef":5,"minecraft:shield":1,"minecraft:crafting_table":1,"minecraft:stick":12,"minecraft:iron_pickaxe":1,"minecraft:iron_ingot":14,"minecraft:wooden_pickaxe":1,"minecraft:stone_pickaxe":1,"minecraft:stone_sword":1,"minecraft:furnace":2,"minecraft:white_bed":1,"minecraft:dark_oak_planks":40,"minecraft:stone_axe":1,"minecraft:air":0,"minecraft:cooked_mutton":10},"minecraft:picked_up":{"minecraft:raw_iron":25,"minecraft:crafting_table":1,"minecraft:leather":1,"minecraft:oak_log":19,"minecraft:dark_oak_log":10,"minecraft:dirt":6,"minecraft:raw_copper":4,"minecraft:rotten_flesh":2,"minecraft:beef":5,"minecraft:glow_berries":12,"minecraft:black_wool":1,"minecraft:mutton":10,"minecraft:coal":24,"minecraft:white_wool":6,"minecraft:cobblestone":65},"minecraft:killed":{"minecraft:sheep":7,"minecraft:zombie":3,"minecraft:cow":3}},"DataVersion":3953}