{"stats":{"minecraft:killed":{"minecraft:bogged":2,"minecraft:spider":15,"minecraft:skeleton":4,"minecraft:chicken":16,"minecraft:silverfish":6,"minecraft:pig":26,"minecraft:sheep":13,"minecraft:zombie":5,"minecraft:cow":21},"minecraft:dropped":{"minecraft:golden_boots":2,"minecraft:wheat_seeds":9,"minecraft:crafting_table":1,"minecraft:feather":14,"minecraft:cobblestone":7,"minecraft:melon_slice":5,"minecraft:iron_pickaxe":1,"minecraft:string":4,"minecraft:bone":8,"minecraft:oak_door":3,"minecraft:stone_axe":1,"minecraft:sugar_cane":1,"minecraft:oak_trapdoor":1,"minecraft:stone_sword":1,"minecraft:cocoa_beans":2,"minecraft:raw_iron":2,"minecraft:rotten_flesh":1,"minecraft:light_gray_wool":1,"minecraft:shield":2,"minecraft:oak_sapling":1,"minecraft:spider_eye":7,"minecraft:arrow":3,"minecraft:stone_pickaxe":2,"minecraft:brick":8},"minecraft:crafted":{"minecraft:oak_door":6,"minecraft:oak_planks":64,"minecraft:cooked_chicken":16,"minecraft:furnace":4,"minecraft:bookshelf":2,"minecraft:cooked_mutton":18,"minecraft:oak_trapdoor":2,"minecraft:diamond_helmet":1,"minecraft:diamond_leggings":1,"minecraft:iron_axe":1,"minecraft:stone_pickaxe":2,"minecraft:diamond_boots":1,"minecraft:cooked_beef":38,"minecraft:diamond_sword":1,"minecraft:cooked_porkchop":36,"minecraft:crafting_table":1,"minecraft:enchanting_table":1,"minecraft:wooden_pickaxe":1,"minecraft:stone_axe":1,"minecraft:air":0,"minecraft:jungle_planks":28,"minecraft:book":7,"minecraft:paper":21,"minecraft:diamond_pickaxe":1,"minecraft:shield":3,"minecraft:stick":52,"minecraft:iron_ingot":49,"minecraft:iron_pickaxe":1,"minecraft:stone_sword":2,"minecraft:white_bed":1,"minecraft:diamond_chestplate":1},"minecraft:broken":{"minecraft:stone_sword":1},"minecraft:custom":{"minecraft:mob_kills":110,"minecraft:interact_with_crafting_table":23,"minecraft:open_barrel":1,"minecraft:time_since_death":83552,"minecraft:climb_one_cm":1713,"minecraft:sprint_one_cm":268200,"minecraft:walk_one_cm":86431,"minecraft:damage_blocked_by_shield":2094,"minecraft:drop":59,"minecraft:play_time":83552,"minecraft:sneak_time":14955,"minecraft:walk_under_water_one_cm":5384,"minecraft:jump":1914,"minecraft:walk_on_water_one_cm":6287,"minecraft:enchant_item":7,"minecraft:total_world_time":83552,"minecraft:interact_with_furnace":45,"minecraft:sleep_in_bed":2,"minecraft:time_since_rest":52067,"minecraft:damage_taken":1235,"minecraft:damage_dealt":11991,"minecraft:fly_one_cm":397304,"minecraft:swim_one_cm":31172,"minecraft:open_chest":6,"minecraft:crouch_one_cm":42486,"minecraft:fall_one_cm":63078},"minecraft:mined":{"minecraft:tuff":7,"minecraft:white_bed":2,"minecraft:deepslate_diamond_ore":33,"minecraft:obsidian":3,"minecraft:grass_block":4,"minecraft:decorated_pot":7,"minecraft:jungle_planks":5,"minecraft:jungle_log":7,"minecraft:chiseled_tuff_bricks":1,"minecraft:tuff_bricks":4,"minecraft:spawner":1,"minecraft:furnace":13,"minecraft:iron_ore":25,"minecraft:cobbled_deepslate":5,"minecraft:enchanting_table":3,"minecraft:bookshelf":2,"minecraft:deepslate_iron_ore":24,"minecraft:stone":125,"minecraft:crafting_table":9,"minecraft:short_grass":48,"minecraft:melon":2,"minecraft:tall_grass":5,"minecraft:cobblestone":7,"minecraft:lapis_ore":4,"minecraft:sugar_cane":8,"minecraft:birch_leaves":2,"minecraft:oak_log":54,"minecraft:coal_ore":33,"minecraft:gravel":1,"minecraft:dirt":12,"minecraft:cobweb":10,"minecraft:fern":5,"minecraft:oak_leaves":6,"minecraft:deepslate":216},"minecraft:used":{"minecraft:oak_trapdoor":1,"minecraft:tuff_bricks":4,"minecraft:stone_sword":153,"minecraft:enchanting_table":3,"minecraft:decorated_pot":2,"minecraft:shield":33,"minecraft:oak_door":1,"minecraft:dirt":15,"minecraft:jungle_planks":12,"minecraft:diamond_helmet":2,"minecraft:tuff":4,"minecraft:bookshelf":2,"minecraft:iron_axe":7,"minecraft:diamond_chestplate":2,"minecraft:furnace":13,"minecraft:egg":1,"minecraft:cooked_beef":12,"minecraft:cobbled_deepslate":53,"minecraft:golden_boots":1,"minecraft:water_bucket":5,"minecraft:diamond_boots":2,"minecraft:stone_pickaxe":243,"minecraft:baked_potato":1,"minecraft:wooden_pickaxe":4,"minecraft:crafting_table":9,"minecraft:white_bed":2,"minecraft:oak_log":2,"minecraft:diamond_pickaxe":184,"minecraft:melon_slice":6,"minecraft:iron_pickaxe":76,"minecraft:gravel":1,"minecraft:stone_axe":108,"minecraft:diamond_sword":76,"minecraft:cobblestone":77,"minecraft:cooked_porkchop":6,"minecraft:bucket":7,"minecraft:diamond_leggings":1},"minecraft:picked_up":{"minecraft:cocoa_beans":2,"minecraft:crafting_table":10,"minecraft:chicken":16,"minecraft:brick":8,"minecraft:shield":1,"minecraft:string":21,"minecraft:cobbled_deepslate":216,"minecraft:beef":47,"minecraft:trial_key":1,"minecraft:light_gray_wool":1,"minecraft:melon_slice":11,"minecraft:sugar_cane":22,"minecraft:furnace":13,"minecraft:egg":1,"minecraft:raw_iron":50,"minecraft:oak_door":1,"minecraft:porkchop":85,"minecraft:arrow":8,"minecraft:rotten_flesh":1,"minecraft:decorated_pot":2,"minecraft:tuff_bricks":4,"minecraft:mutton":18,"minecraft:obsidian":3,"minecraft:white_wool":12,"minecraft:cobblestone":129,"minecraft:enchanting_table":3,"minecraft:feather":14,"minecraft:cooked_beef":1,"minecraft:jungle_log":7,"minecraft:leather":25,"minecraft:tuff":7,"minecraft:oak_log":54,"minecraft:golden_boots":1,"minecraft:lapis_lazuli":29,"minecraft:dirt":15,"minecraft:bone":1,"minecraft:wheat_seeds":9,"minecraft:iron_ingot":5,"minecraft:book":6,"minecraft:cooked_porkchop":2,"minecraft:gravel":1,"minecraft:jungle_planks":5,"minecraft:white_bed":2,"minecraft:spider_eye":7,"minecraft:diamond":33,"minecraft:emerald":2,"minecraft:baked_potato":1,"minecraft:chiseled_tuff_bricks":1,"minecraft:oak_sapling":1,"minecraft:coal":33}},"DataVersion":3953}