{"stats":{"minecraft:killed":{"minecraft:bogged":2,"minecraft:spider":33,"minecraft:skeleton":5,"minecraft:chicken":16,"minecraft:silverfish":11,"minecraft:pig":26,"minecraft:sheep":13,"minecraft:zombie":5,"minecraft:stray":5,"minecraft:breeze":2,"minecraft:cow":21},"minecraft:dropped":{"minecraft:enchanted_book":1,"minecraft:bread":3,"minecraft:golden_boots":2,"minecraft:wheat_seeds":9,"minecraft:crafting_table":1,"minecraft:decorated_pot":3,"minecraft:feather":14,"minecraft:cobblestone":7,"minecraft:torch":12,"minecraft:melon_slice":5,"minecraft:iron_pickaxe":1,"minecraft:string":4,"minecraft:waxed_cut_copper_slab":2,"minecraft:bone":8,"minecraft:oak_door":3,"minecraft:stone_axe":1,"minecraft:sugar_cane":1,"minecraft:oak_trapdoor":1,"minecraft:chiseled_tuff_bricks":2,"minecraft:stone_sword":1,"minecraft:cocoa_beans":2,"minecraft:raw_iron":2,"minecraft:rotten_flesh":1,"minecraft:light_gray_wool":1,"minecraft:enchanted_golden_apple":1,"minecraft:honey_bottle":2,"minecraft:tipped_arrow":2,"minecraft:shield":2,"minecraft:oak_sapling":1,"minecraft:spider_eye":11,"minecraft:arrow":5,"minecraft:wooden_pickaxe":1,"minecraft:stone_pickaxe":2,"minecraft:brick":16},"minecraft:crafted":{"minecraft:oak_door":6,"minecraft:oak_planks":64,"minecraft:cooked_chicken":16,"minecraft:wind_charge":12,"minecraft:furnace":4,"minecraft:bookshelf":2,"minecraft:cooked_mutton":18,"minecraft:oak_trapdoor":2,"minecraft:diamond_helmet":1,"minecraft:diamond_leggings":1,"minecraft:iron_axe":1,"minecraft:stone_pickaxe":2,"minecraft:diamond_boots":1,"minecraft:cooked_beef":38,"minecraft:diamond_sword":1,"minecraft:emerald":9,"minecraft:cooked_porkchop":36,"minecraft:crafting_table":1,"minecraft:enchanting_table":1,"minecraft:wooden_pickaxe":1,"minecraft:stone_axe":1,"minecraft:air":0,"minecraft:jungle_planks":28,"minecraft:book":7,"minecraft:paper":21,"minecraft:diamond_pickaxe":1,"minecraft:shield":3,"minecraft:stick":52,"minecraft:iron_ingot":49,"minecraft:iron_pickaxe":1,"minecraft:stone_sword":2,"minecraft:white_bed":1,"minecraft:diamond_chestplate":1},"minecraft:broken":{"minecraft:stone_sword":1},"minecraft:custom":{"minecraft:mob_kills":141,"minecraft:interact_with_crafting_table":23,"minecraft:open_barrel":7,"minecraft:time_since_death":95552,"minecraft:climb_one_cm":3368,"minecraft:sprint_one_cm":336290,"minecraft:walk_one_cm":120304,"minecraft:damage_blocked_by_shield":2409,"minecraft:drop":84,"minecraft:play_time":95552,"minecraft:sneak_time":16035,"minecraft:walk_under_water_one_cm":5384,"minecraft:jump":2127,"minecraft:walk_on_water_one_cm":6586,"minecraft:enchant_item":7,"minecraft:total_world_time":95552,"minecraft:interact_with_furnace":45,"minecraft:sleep_in_bed":2,"minecraft:time_since_rest":64067,"minecraft:damage_taken":1748,"minecraft:damage_dealt":16637,"minecraft:fly_one_cm":428170,"minecraft:swim_one_cm":31172,"minecraft:open_chest":8,"minecraft:crouch_one_cm":46976,"minecraft:fall_one_cm":69748,"minecraft:inspect_dispenser":3},"minecraft:mined":{"minecraft:waxed_cut_copper_slab":8,"minecraft:tuff":7,"minecraft:white_bed":2,"minecraft:deepslate_diamond_ore":33,"minecraft:obsidian":3,"minecraft:grass_block":4,"minecraft:decorated_pot":29,"minecraft:jungle_planks":5,"minecraft:jungle_log":7,"minecraft:chiseled_tuff_bricks":2,"minecraft:tuff_bricks":6,"minecraft:spawner":1,"minecraft:furnace":13,"minecraft:waxed_copper_grate":5,"minecraft:iron_ore":25,"minecraft:cobbled_deepslate":7,"minecraft:polished_tuff":1,"minecraft:enchanting_table":3,"minecraft:chiseled_tuff":2,"minecraft:bookshelf":2,"minecraft:deepslate_iron_ore":24,"minecraft:stone":125,"minecraft:waxed_cut_copper":1,"minecraft:crafting_table":9,"minecraft:short_grass":48,"minecraft:melon":2,"minecraft:tall_grass":5,"minecraft:cobblestone":7,"minecraft:lapis_ore":4,"minecraft:sugar_cane":8,"minecraft:birch_leaves":2,"minecraft:oak_log":54,"minecraft:coal_ore":33,"minecraft:waxed_oxidized_copper":1,"minecraft:gravel":1,"minecraft:dirt":12,"minecraft:cobweb":25,"minecraft:dispenser":8,"minecraft:fern":5,"minecraft:oak_leaves":6,"minecraft:deepslate":216},"minecraft:used":{"minecraft:oak_trapdoor":1,"minecraft:tuff_bricks":4,"minecraft:stone_sword":153,"minecraft:enchanting_table":3,"minecraft:decorated_pot":5,"minecraft:shield":43,"minecraft:trial_key":4,"minecraft:oak_door":1,"minecraft:dirt":15,"minecraft:jungle_planks":12,"minecraft:diamond_helmet":2,"minecraft:tuff":4,"minecraft:bookshelf":2,"minecraft:iron_axe":22,"minecraft:diamond_chestplate":2,"minecraft:golden_carrot":1,"minecraft:bow":2,"minecraft:furnace":13,"minecraft:egg":1,"minecraft:cooked_beef":18,"minecraft:cobbled_deepslate":90,"minecraft:golden_boots":1,"minecraft:water_bucket":7,"minecraft:diamond_boots":2,"minecraft:stone_pickaxe":243,"minecraft:baked_potato":1,"minecraft:ender_pearl":1,"minecraft:wooden_pickaxe":4,"minecraft:crafting_table":9,"minecraft:white_bed":2,"minecraft:oak_log":2,"minecraft:diamond_pickaxe":215,"minecraft:wind_charge":5,"minecraft:melon_slice":6,"minecraft:iron_pickaxe":76,"minecraft:gravel":1,"minecraft:stone_axe":108,"minecraft:diamond_sword":168,"minecraft:cobblestone":77,"minecraft:cooked_porkchop":6,"minecraft:bucket":9,"minecraft:diamond_leggings":1},"minecraft:picked_up":{"minecraft:cocoa_beans":2,"minecraft:crafting_table":10,"minecraft:chicken":16,"minecraft:wooden_pickaxe":1,"minecraft:enchanted_book":1,"minecraft:brick":16,"minecraft:shield":1,"minecraft:wind_charge":8,"minecraft:string":55,"minecraft:waxed_cut_copper_slab":2,"minecraft:cobbled_deepslate":218,"minecraft:beef":47,"minecraft:trial_key":7,"minecraft:light_gray_wool":1,"minecraft:enchanted_golden_apple":1,"minecraft:melon_slice":11,"minecraft:sugar_cane":22,"minecraft:furnace":13,"minecraft:egg":1,"minecraft:tipped_arrow":4,"minecraft:raw_iron":50,"minecraft:oak_door":1,"minecraft:torch":8,"minecraft:porkchop":85,"minecraft:honey_bottle":2,"minecraft:arrow":70,"minecraft:rotten_flesh":1,"minecraft:decorated_pot":11,"minecraft:tuff_bricks":4,"minecraft:mutton":18,"minecraft:obsidian":3,"minecraft:white_wool":12,"minecraft:cobblestone":129,"minecraft:enchanting_table":3,"minecraft:feather":14,"minecraft:cooked_beef":1,"minecraft:golden_carrot":1,"minecraft:jungle_log":7,"minecraft:leather":25,"minecraft:tuff":7,"minecraft:oak_log":54,"minecraft:golden_boots":1,"minecraft:lapis_lazuli":29,"minecraft:dirt":15,"minecraft:bone":1,"minecraft:bow":1,"minecraft:wheat_seeds":9,"minecraft:iron_ingot":14,"minecraft:book":6,"minecraft:emerald_block":1,"minecraft:cooked_porkchop":2,"minecraft:gravel":1,"minecraft:jungle_planks":5,"minecraft:white_bed":2,"minecraft:spider_eye":13,"minecraft:diamond":35,"minecraft:breeze_rod":3,"minecraft:bread":3,"minecraft:emerald":13,"minecraft:baked_potato":1,"minecraft:chiseled_tuff_bricks":2,"minecraft:oak_sapling":1,"minecraft:coal":33}},"DataVersion":3953}