{"stats":{"minecraft:killed":{"minecraft:pig":26,"minecraft:sheep":13,"minecraft:skeleton":1,"minecraft:zombie":2,"minecraft:chicken":16,"minecraft:cow":21},"minecraft:dropped":{"minecraft:sugar_cane":1,"minecraft:wheat_seeds":9,"minecraft:cocoa_beans":2,"minecraft:feather":14,"minecraft:light_gray_wool":1,"minecraft:melon_slice":5,"minecraft:oak_sapling":1,"minecraft:arrow":2,"minecraft:stone_pickaxe":1,"minecraft:bone":1},"minecraft:crafted":{"minecraft:cooked_beef":7,"minecraft:oak_planks":16,"minecraft:cooked_porkchop":6,"minecraft:crafting_table":1,"minecraft:wooden_pickaxe":1,"minecraft:cooked_chicken":16,"minecraft:furnace":4,"minecraft:stone_axe":1,"minecraft:air":0,"minecraft:jungle_planks":28,"minecraft:book":7,"minecraft:paper":21,"minecraft:shield":1,"minecraft:stick":40,"minecraft:iron_ingot":2,"minecraft:stone_pickaxe":2,"minecraft:stone_sword":2,"minecraft:white_bed":1},"minecraft:broken":{"minecraft:stone_sword":1},"minecraft:custom":{"minecraft:interact_with_furnace":17,"minecraft:mob_kills":79,"minecraft:interact_with_crafting_table":9,"minecraft:time_since_death":41552,"minecraft:sleep_in_bed":2,"minecraft:climb_one_cm":868,"minecraft:time_since_rest":10067,"minecraft:sprint_one_cm":145874,"minecraft:damage_taken":323,"minecraft:walk_one_cm":35790,"minecraft:damage_blocked_by_shield":595,"minecraft:drop":17,"minecraft:damage_dealt":7490,"minecraft:swim_one_cm":24162,"minecraft:fly_one_cm":243671,"minecraft:open_chest":1,"minecraft:crouch_one_cm":12709,"minecraft:play_time":41552,"minecraft:sneak_time":3817,"minecraft:walk_under_water_one_cm":3338,"minecraft:jump":1123,"minecraft:walk_on_water_one_cm":3462,"minecraft:total_world_time":41552,"minecraft:fall_one_cm":33193},"minecraft:mined":{"minecraft:white_bed":2,"minecraft:crafting_table":3,"minecraft:short_grass":48,"minecraft:grass_block":4,"minecraft:melon":2,"minecraft:jungle_planks":5,"minecraft:jungle_log":7,"minecraft:tall_grass":5,"minecraft:sugar_cane":8,"minecraft:furnace":6,"minecraft:iron_ore":1,"minecraft:birch_leaves":2,"minecraft:coal_ore":18,"minecraft:oak_log":54,"minecraft:dirt":12,"minecraft:stone":98,"minecraft:oak_leaves":6,"minecraft:fern":5},"minecraft:picked_up":{"minecraft:cocoa_beans":2,"minecraft:crafting_table":3,"minecraft:feather":14,"minecraft:chicken":16,"minecraft:jungle_log":7,"minecraft:leather":25,"minecraft:oak_log":54,"minecraft:dirt":15,"minecraft:bone":1,"minecraft:wheat_seeds":9,"minecraft:beef":39,"minecraft:light_gray_wool":1,"minecraft:melon_slice":11,"minecraft:sugar_cane":22,"minecraft:egg":1,"minecraft:furnace":6,"minecraft:raw_iron":1,"minecraft:porkchop":51,"minecraft:jungle_planks":5,"minecraft:white_bed":2,"minecraft:arrow":2,"minecraft:oak_sapling":1,"minecraft:mutton":18,"minecraft:coal":18,"minecraft:white_wool":12,"minecraft:cobblestone":97},"minecraft:used":{"minecraft:golden_boots":1,"minecraft:stone_sword":147,"minecraft:stone_pickaxe":121,"minecraft:wooden_pickaxe":4,"minecraft:shield":8,"minecraft:dirt":15,"minecraft:crafting_table":4,"minecraft:jungle_planks":12,"minecraft:white_bed":2,"minecraft:oak_log":2,"minecraft:melon_slice":6,"minecraft:stone_axe":97,"minecraft:cobblestone":10,"minecraft:furnace":10,"minecraft:cooked_porkchop":6,"minecraft:egg":1,"minecraft:cooked_beef":1}},"DataVersion":3953}