{"stats":{"minecraft:mined":{"minecraft:coal_ore":24,"minecraft:dirt":6,"minecraft:dark_oak_leaves":5,"minecraft:dark_oak_log":10,"minecraft:stone":33,"minecraft:crafting_table":1},"minecraft:used":{"minecraft:stone_axe":1,"minecraft:dirt":6,"minecraft:cobblestone":1,"minecraft:crafting_table":1,"minecraft:stone_pickaxe":54,"minecraft:wooden_pickaxe":3},"minecraft:custom":{"minecraft:time_since_rest":3990,"minecraft:crouch_one_cm":4788,"minecraft:play_time":3990,"minecraft:sprint_one_cm":11137,"minecraft:walk_one_cm":1265,"minecraft:sneak_time":2571,"minecraft:jump":48,"minecraft:time_since_death":3990,"minecraft:total_world_time":3990,"minecraft:interact_with_crafting_table":3,"minecraft:fall_one_cm":836,"minecraft:fly_one_cm":7726},"minecraft:crafted":{"minecraft:stone_sword":1,"minecraft:dark_oak_planks":40,"minecraft:stone_axe":1,"minecraft:crafting_table":1,"minecraft:stick":8,"minecraft:stone_pickaxe":1,"minecraft:wooden_pickaxe":1},"minecraft:picked_up":{"minecraft:crafting_table":1,"minecraft:coal":24,"minecraft:dark_oak_log":10,"minecraft:dirt":6,"minecraft:cobblestone":33}},"DataVersion":3953}