{"stats":{"minecraft:mined":{"minecraft:tuff":3,"minecraft:white_bed":1,"minecraft:dark_oak_leaves":5,"minecraft:deepslate_diamond_ore":10,"minecraft:dark_oak_log":10,"minecraft:crafting_table":4,"minecraft:short_grass":14,"minecraft:melon":13,"minecraft:tall_grass":6,"minecraft:copper_ore":1,"minecraft:cobblestone":4,"minecraft:deepslate_gold_ore":4,"minecraft:lapis_ore":2,"minecraft:sugar_cane":3,"minecraft:sculk":1,"minecraft:spawner":1,"minecraft:furnace":3,"minecraft:iron_ore":41,"minecraft:cobbled_deepslate":4,"minecraft:birch_leaves":1,"minecraft:sculk_shrieker":1,"minecraft:oak_log":37,"minecraft:coal_ore":29,"minecraft:deepslate_iron_ore":6,"minecraft:cave_vines":4,"minecraft:gravel":1,"minecraft:dirt":6,"minecraft:stone":80,"minecraft:deepslate":91,"minecraft:oak_leaves":1,"minecraft:fern":2},"minecraft:custom":{"minecraft:interact_with_furnace":34,"minecraft:mob_kills":46,"minecraft:interact_with_crafting_table":18,"minecraft:leave_game":1,"minecraft:time_since_death":39858,"minecraft:sleep_in_bed":1,"minecraft:climb_one_cm":1264,"minecraft:time_since_rest":26716,"minecraft:sprint_one_cm":143846,"minecraft:damage_taken":407,"minecraft:walk_one_cm":44822,"minecraft:damage_blocked_by_shield":597,"minecraft:drop":25,"minecraft:damage_dealt":5153,"minecraft:swim_one_cm":2395,"minecraft:fly_one_cm":147516,"minecraft:open_chest":2,"minecraft:crouch_one_cm":30887,"minecraft:play_time":39858,"minecraft:sneak_time":11326,"minecraft:walk_under_water_one_cm":449,"minecraft:jump":870,"minecraft:walk_on_water_one_cm":1206,"minecraft:total_world_time":39858,"minecraft:fall_one_cm":27875},"minecraft:used":{"minecraft:cooked_mutton":8,"minecraft:water_bucket":3,"minecraft:stone_sword":21,"minecraft:stone_pickaxe":113,"minecraft:wooden_pickaxe":3,"minecraft:shield":11,"minecraft:iron_sword":48,"minecraft:iron_chestplate":1,"minecraft:glow_berries":11,"minecraft:dirt":6,"minecraft:crafting_table":5,"minecraft:white_bed":1,"minecraft:tuff":3,"minecraft:iron_hoe":2,"minecraft:dark_oak_planks":5,"minecraft:iron_pickaxe":165,"minecraft:gravel":1,"minecraft:stone_axe":89,"minecraft:cobblestone":32,"minecraft:furnace":5,"minecraft:bucket":4,"minecraft:cobbled_deepslate":25,"minecraft:iron_leggings":1},"minecraft:dropped":{"minecraft:wheat_seeds":4,"minecraft:stone_sword":1,"minecraft:raw_copper":4,"minecraft:raw_iron":1,"minecraft:glow_berries":1,"minecraft:rotten_flesh":4,"minecraft:leather":2,"minecraft:melon_slice":4,"minecraft:oak_sapling":1,"minecraft:arrow":2,"minecraft:stone_pickaxe":1,"minecraft:bone":4},"minecraft:crafted":{"minecraft:cooked_beef":6,"minecraft:crafting_table":1,"minecraft:wooden_pickaxe":1,"minecraft:iron_sword":1,"minecraft:furnace":3,"minecraft:bucket":1,"minecraft:stone_axe":1,"minecraft:cooked_mutton":18,"minecraft:air":0,"minecraft:book":1,"minecraft:iron_chestplate":1,"minecraft:paper":3,"minecraft:shield":1,"minecraft:iron_hoe":1,"minecraft:stick":20,"minecraft:iron_ingot":33,"minecraft:iron_pickaxe":1,"minecraft:stone_pickaxe":1,"minecraft:stone_sword":1,"minecraft:iron_leggings":1,"minecraft:white_bed":1,"minecraft:dark_oak_planks":40},"minecraft:picked_up":{"minecraft:crafting_table":4,"minecraft:leather":3,"minecraft:tuff":3,"minecraft:oak_log":37,"minecraft:lapis_lazuli":14,"minecraft:dirt":6,"minecraft:raw_copper":4,"minecraft:bone":4,"minecraft:wheat_seeds":4,"minecraft:cobbled_deepslate":94,"minecraft:raw_gold":4,"minecraft:iron_ingot":1,"minecraft:beef":6,"minecraft:melon_slice":68,"minecraft:sugar_cane":3,"minecraft:furnace":3,"minecraft:raw_iron":47,"minecraft:gravel":1,"minecraft:porkchop":25,"minecraft:white_bed":1,"minecraft:dark_oak_log":10,"minecraft:arrow":2,"minecraft:rotten_flesh":4,"minecraft:diamond":10,"minecraft:oak_sapling":1,"minecraft:glow_berries":12,"minecraft:black_wool":1,"minecraft:mutton":33,"minecraft:coal":29,"minecraft:white_wool":22,"minecraft:cobblestone":84},"minecraft:killed":{"minecraft:pig":11,"minecraft:spider":1,"minecraft:sheep":23,"minecraft:skeleton":1,"minecraft:zombie":6,"minecraft:cow":4}},"DataVersion":3953}