{"stats":{"minecraft:mined":{"minecraft:white_bed":1,"minecraft:dark_oak_leaves":5,"minecraft:dark_oak_log":10,"minecraft:crafting_table":4,"minecraft:short_grass":14,"minecraft:melon":13,"minecraft:tall_grass":6,"minecraft:copper_ore":1,"minecraft:cobblestone":4,"minecraft:lapis_ore":2,"minecraft:sugar_cane":3,"minecraft:spawner":1,"minecraft:furnace":2,"minecraft:iron_ore":25,"minecraft:birch_leaves":1,"minecraft:coal_ore":24,"minecraft:oak_log":37,"minecraft:cave_vines":4,"minecraft:dirt":6,"minecraft:stone":61,"minecraft:oak_leaves":1,"minecraft:fern":2},"minecraft:custom":{"minecraft:interact_with_furnace":21,"minecraft:mob_kills":45,"minecraft:interact_with_crafting_table":14,"minecraft:leave_game":1,"minecraft:time_since_death":27920,"minecraft:sleep_in_bed":1,"minecraft:climb_one_cm":1264,"minecraft:time_since_rest":14778,"minecraft:sprint_one_cm":121059,"minecraft:damage_taken":358,"minecraft:walk_one_cm":32383,"minecraft:damage_blocked_by_shield":443,"minecraft:drop":18,"minecraft:damage_dealt":4712,"minecraft:fly_one_cm":130925,"minecraft:open_chest":2,"minecraft:crouch_one_cm":16778,"minecraft:play_time":27920,"minecraft:sneak_time":6440,"minecraft:jump":695,"minecraft:walk_on_water_one_cm":788,"minecraft:total_world_time":27920,"minecraft:fall_one_cm":22539},"minecraft:used":{"minecraft:cooked_mutton":5,"minecraft:stone_sword":21,"minecraft:stone_pickaxe":113,"minecraft:shield":9,"minecraft:wooden_pickaxe":3,"minecraft:iron_sword":42,"minecraft:iron_chestplate":1,"minecraft:glow_berries":11,"minecraft:dirt":6,"minecraft:crafting_table":4,"minecraft:white_bed":1,"minecraft:dark_oak_planks":5,"minecraft:iron_pickaxe":5,"minecraft:stone_axe":89,"minecraft:cobblestone":28,"minecraft:furnace":2,"minecraft:iron_leggings":1},"minecraft:dropped":{"minecraft:wheat_seeds":4,"minecraft:stone_sword":1,"minecraft:raw_copper":4,"minecraft:raw_iron":1,"minecraft:rotten_flesh":2,"minecraft:leather":2,"minecraft:oak_sapling":1,"minecraft:arrow":1,"minecraft:stone_pickaxe":1,"minecraft:bone":2},"minecraft:crafted":{"minecraft:cooked_beef":5,"minecraft:crafting_table":1,"minecraft:wooden_pickaxe":1,"minecraft:iron_sword":1,"minecraft:furnace":2,"minecraft:bucket":1,"minecraft:stone_axe":1,"minecraft:cooked_mutton":10,"minecraft:air":0,"minecraft:book":1,"minecraft:iron_chestplate":1,"minecraft:paper":3,"minecraft:shield":1,"minecraft:stick":12,"minecraft:iron_ingot":24,"minecraft:iron_pickaxe":1,"minecraft:stone_pickaxe":1,"minecraft:stone_sword":1,"minecraft:iron_leggings":1,"minecraft:white_bed":1,"minecraft:dark_oak_planks":40},"minecraft:picked_up":{"minecraft:crafting_table":4,"minecraft:leather":3,"minecraft:oak_log":37,"minecraft:lapis_lazuli":14,"minecraft:dirt":6,"minecraft:raw_copper":4,"minecraft:bone":2,"minecraft:wheat_seeds":4,"minecraft:iron_ingot":1,"minecraft:beef":6,"minecraft:melon_slice":68,"minecraft:sugar_cane":3,"minecraft:furnace":2,"minecraft:raw_iron":25,"minecraft:porkchop":25,"minecraft:white_bed":1,"minecraft:dark_oak_log":10,"minecraft:arrow":1,"minecraft:rotten_flesh":4,"minecraft:oak_sapling":1,"minecraft:black_wool":1,"minecraft:glow_berries":12,"minecraft:mutton":33,"minecraft:coal":24,"minecraft:white_wool":22,"minecraft:cobblestone":65},"minecraft:killed":{"minecraft:pig":11,"minecraft:spider":1,"minecraft:sheep":23,"minecraft:skeleton":1,"minecraft:zombie":5,"minecraft:cow":4}},"DataVersion":3953}