{"stats":{"minecraft:killed":{"minecraft:pig":26,"minecraft:bogged":2,"minecraft:spider":4,"minecraft:sheep":13,"minecraft:skeleton":4,"minecraft:zombie":4,"minecraft:chicken":16,"minecraft:cow":21},"minecraft:dropped":{"minecraft:golden_boots":1,"minecraft:sugar_cane":1,"minecraft:wheat_seeds":9,"minecraft:stone_sword":1,"minecraft:cocoa_beans":2,"minecraft:crafting_table":1,"minecraft:feather":14,"minecraft:rotten_flesh":1,"minecraft:light_gray_wool":1,"minecraft:melon_slice":5,"minecraft:oak_sapling":1,"minecraft:spider_eye":2,"minecraft:arrow":3,"minecraft:stone_pickaxe":2,"minecraft:iron_pickaxe":1,"minecraft:string":4,"minecraft:bone":1},"minecraft:crafted":{"minecraft:cooked_beef":30,"minecraft:oak_door":6,"minecraft:oak_planks":36,"minecraft:diamond_sword":1,"minecraft:cooked_porkchop":28,"minecraft:crafting_table":1,"minecraft:wooden_pickaxe":1,"minecraft:cooked_chicken":16,"minecraft:furnace":4,"minecraft:stone_axe":1,"minecraft:cooked_mutton":18,"minecraft:air":0,"minecraft:oak_trapdoor":2,"minecraft:jungle_planks":28,"minecraft:diamond_helmet":1,"minecraft:diamond_pickaxe":1,"minecraft:book":7,"minecraft:paper":21,"minecraft:shield":1,"minecraft:stick":40,"minecraft:iron_ingot":5,"minecraft:iron_pickaxe":1,"minecraft:stone_pickaxe":2,"minecraft:stone_sword":2,"minecraft:diamond_boots":1,"minecraft:white_bed":1,"minecraft:diamond_chestplate":1},"minecraft:broken":{"minecraft:stone_sword":1},"minecraft:custom":{"minecraft:interact_with_furnace":36,"minecraft:mob_kills":91,"minecraft:interact_with_crafting_table":17,"minecraft:time_since_death":71552,"minecraft:sleep_in_bed":2,"minecraft:climb_one_cm":868,"minecraft:time_since_rest":40067,"minecraft:sprint_one_cm":238383,"minecraft:damage_taken":1086,"minecraft:walk_one_cm":60007,"minecraft:damage_blocked_by_shield":2064,"minecraft:drop":30,"minecraft:damage_dealt":9536,"minecraft:swim_one_cm":31172,"minecraft:fly_one_cm":371960,"minecraft:open_chest":2,"minecraft:crouch_one_cm":36247,"minecraft:play_time":71552,"minecraft:sneak_time":13443,"minecraft:walk_under_water_one_cm":5384,"minecraft:jump":1792,"minecraft:walk_on_water_one_cm":5397,"minecraft:total_world_time":71552,"minecraft:fall_one_cm":59981},"minecraft:mined":{"minecraft:tuff":4,"minecraft:white_bed":2,"minecraft:deepslate_diamond_ore":33,"minecraft:obsidian":3,"minecraft:crafting_table":8,"minecraft:short_grass":48,"minecraft:grass_block":4,"minecraft:melon":2,"minecraft:jungle_planks":5,"minecraft:jungle_log":7,"minecraft:tall_grass":5,"minecraft:cobblestone":7,"minecraft:lapis_ore":4,"minecraft:sugar_cane":8,"minecraft:spawner":1,"minecraft:furnace":11,"minecraft:cobbled_deepslate":5,"minecraft:iron_ore":25,"minecraft:birch_leaves":2,"minecraft:coal_ore":33,"minecraft:oak_log":54,"minecraft:deepslate_iron_ore":23,"minecraft:gravel":1,"minecraft:dirt":12,"minecraft:stone":125,"minecraft:deepslate":130,"minecraft:oak_leaves":6,"minecraft:fern":5},"minecraft:picked_up":{"minecraft:cocoa_beans":2,"minecraft:crafting_table":9,"minecraft:feather":14,"minecraft:cooked_beef":1,"minecraft:chicken":16,"minecraft:jungle_log":7,"minecraft:leather":25,"minecraft:tuff":4,"minecraft:oak_log":54,"minecraft:string":4,"minecraft:lapis_lazuli":29,"minecraft:dirt":15,"minecraft:bone":1,"minecraft:wheat_seeds":9,"minecraft:cobbled_deepslate":130,"minecraft:beef":47,"minecraft:light_gray_wool":1,"minecraft:melon_slice":11,"minecraft:sugar_cane":22,"minecraft:egg":1,"minecraft:furnace":11,"minecraft:raw_iron":48,"minecraft:oak_door":1,"minecraft:cooked_porkchop":2,"minecraft:gravel":1,"minecraft:porkchop":72,"minecraft:jungle_planks":5,"minecraft:white_bed":2,"minecraft:spider_eye":2,"minecraft:arrow":3,"minecraft:rotten_flesh":1,"minecraft:diamond":33,"minecraft:obsidian":3,"minecraft:oak_sapling":1,"minecraft:mutton":18,"minecraft:coal":33,"minecraft:white_wool":12,"minecraft:cobblestone":129},"minecraft:used":{"minecraft:golden_boots":1,"minecraft:oak_trapdoor":1,"minecraft:water_bucket":3,"minecraft:diamond_boots":1,"minecraft:stone_sword":153,"minecraft:stone_pickaxe":243,"minecraft:wooden_pickaxe":4,"minecraft:shield":32,"minecraft:oak_door":1,"minecraft:dirt":15,"minecraft:crafting_table":9,"minecraft:jungle_planks":12,"minecraft:diamond_helmet":1,"minecraft:white_bed":2,"minecraft:tuff":1,"minecraft:oak_log":2,"minecraft:diamond_pickaxe":84,"minecraft:melon_slice":6,"minecraft:iron_pickaxe":76,"minecraft:gravel":1,"minecraft:diamond_chestplate":1,"minecraft:stone_axe":106,"minecraft:diamond_sword":25,"minecraft:cobblestone":77,"minecraft:furnace":13,"minecraft:cooked_porkchop":6,"minecraft:bucket":5,"minecraft:egg":1,"minecraft:cooked_beef":11,"minecraft:cobbled_deepslate":35}},"DataVersion":3953}