{"stats":{"minecraft:killed":{"minecraft:bogged":2,"minecraft:spider":33,"minecraft:skeleton":5,"minecraft:chicken":16,"minecraft:silverfish":13,"minecraft:pig":26,"minecraft:sheep":13,"minecraft:zombie":5,"minecraft:stray":18,"minecraft:breeze":9,"minecraft:cow":21},"minecraft:dropped":{"minecraft:enchanted_book":2,"minecraft:golden_boots":2,"minecraft:bread":3,"minecraft:wheat_seeds":9,"minecraft:ender_pearl":4,"minecraft:crafting_table":1,"minecraft:decorated_pot":5,"minecraft:feather":14,"minecraft:cobblestone":7,"minecraft:waxed_copper_grate":5,"minecraft:torch":12,"minecraft:melon_slice":5,"minecraft:iron_axe":2,"minecraft:iron_pickaxe":1,"minecraft:string":4,"minecraft:bone":12,"minecraft:waxed_cut_copper_slab":3,"minecraft:oak_door":3,"minecraft:stone_axe":1,"minecraft:sugar_cane":1,"minecraft:oak_trapdoor":1,"minecraft:chiseled_tuff_bricks":6,"minecraft:stone_sword":1,"minecraft:cobbled_deepslate":64,"minecraft:cocoa_beans":2,"minecraft:obsidian":2,"minecraft:raw_iron":2,"minecraft:rotten_flesh":1,"minecraft:light_gray_wool":1,"minecraft:enchanted_golden_apple":1,"minecraft:honey_bottle":4,"minecraft:wind_charge":16,"minecraft:tipped_arrow":23,"minecraft:shield":2,"minecraft:oak_sapling":1,"minecraft:spider_eye":11,"minecraft:arrow":5,"minecraft:wooden_pickaxe":1,"minecraft:stone_pickaxe":2,"minecraft:brick":16},"minecraft:killed_by":{"minecraft:stray":1},"minecraft:crafted":{"minecraft:oak_door":6,"minecraft:oak_planks":64,"minecraft:cooked_chicken":16,"minecraft:wind_charge":28,"minecraft:furnace":4,"minecraft:bookshelf":2,"minecraft:cooked_mutton":18,"minecraft:oak_trapdoor":2,"minecraft:diamond_helmet":1,"minecraft:diamond_leggings":1,"minecraft:iron_axe":1,"minecraft:stone_pickaxe":2,"minecraft:diamond_boots":1,"minecraft:cooked_beef":38,"minecraft:diamond_sword":1,"minecraft:emerald":9,"minecraft:cooked_porkchop":49,"minecraft:crafting_table":1,"minecraft:enchanting_table":1,"minecraft:wooden_pickaxe":1,"minecraft:stone_axe":1,"minecraft:air":0,"minecraft:jungle_planks":28,"minecraft:book":7,"minecraft:paper":21,"minecraft:diamond_pickaxe":1,"minecraft:shield":3,"minecraft:stick":52,"minecraft:iron_ingot":49,"minecraft:iron_pickaxe":1,"minecraft:stone_sword":2,"minecraft:white_bed":1,"minecraft:diamond_chestplate":1},"minecraft:broken":{"minecraft:stone_sword":1},"minecraft:custom":{"minecraft:mob_kills":167,"minecraft:interact_with_crafting_table":23,"minecraft:open_barrel":9,"minecraft:leave_game":4,"minecraft:time_since_death":5449,"minecraft:climb_one_cm":3368,"minecraft:sprint_one_cm":422610,"minecraft:walk_one_cm":164536,"minecraft:damage_blocked_by_shield":3354,"minecraft:drop":104,"minecraft:play_time":118083,"minecraft:sneak_time":17698,"minecraft:deaths":1,"minecraft:walk_under_water_one_cm":5384,"minecraft:jump":2441,"minecraft:walk_on_water_one_cm":6586,"minecraft:enchant_item":8,"minecraft:total_world_time":118083,"minecraft:interact_with_furnace":52,"minecraft:sleep_in_bed":2,"minecraft:time_since_rest":5586,"minecraft:damage_taken":2723,"minecraft:damage_dealt":21382,"minecraft:swim_one_cm":31172,"minecraft:fly_one_cm":491212,"minecraft:open_chest":12,"minecraft:crouch_one_cm":53134,"minecraft:fall_one_cm":85463,"minecraft:inspect_dispenser":6},"minecraft:mined":{"minecraft:waxed_cut_copper_slab":8,"minecraft:tuff":7,"minecraft:white_bed":2,"minecraft:deepslate_diamond_ore":33,"minecraft:obsidian":3,"minecraft:grass_block":4,"minecraft:decorated_pot":36,"minecraft:jungle_planks":5,"minecraft:jungle_log":7,"minecraft:chiseled_tuff_bricks":6,"minecraft:tuff_bricks":25,"minecraft:spawner":1,"minecraft:furnace":15,"minecraft:waxed_copper_grate":10,"minecraft:iron_ore":25,"minecraft:cobbled_deepslate":7,"minecraft:polished_tuff":2,"minecraft:enchanting_table":3,"minecraft:chiseled_tuff":2,"minecraft:bookshelf":2,"minecraft:deepslate_iron_ore":24,"minecraft:stone":125,"minecraft:waxed_cut_copper":2,"minecraft:crafting_table":9,"minecraft:short_grass":48,"minecraft:melon":2,"minecraft:tall_grass":5,"minecraft:cobblestone":7,"minecraft:lapis_ore":4,"minecraft:sugar_cane":8,"minecraft:birch_leaves":2,"minecraft:waxed_copper_block":3,"minecraft:oak_log":54,"minecraft:coal_ore":33,"minecraft:waxed_oxidized_copper":2,"minecraft:gravel":1,"minecraft:dirt":12,"minecraft:cobweb":25,"minecraft:dispenser":8,"minecraft:oak_leaves":6,"minecraft:deepslate":216,"minecraft:fern":5},"minecraft:picked_up":{"minecraft:cocoa_beans":2,"minecraft:crafting_table":11,"minecraft:ominous_bottle":1,"minecraft:chicken":16,"minecraft:diamond_sword":1,"minecraft:wooden_pickaxe":2,"minecraft:enchanted_book":4,"minecraft:shield":3,"minecraft:brick":16,"minecraft:wind_charge":40,"minecraft:string":106,"minecraft:waxed_cut_copper_slab":3,"minecraft:iron_axe":3,"minecraft:diamond_leggings":1,"minecraft:cobbled_deepslate":372,"minecraft:beef":47,"minecraft:trial_key":10,"minecraft:light_gray_wool":1,"minecraft:enchanted_golden_apple":2,"minecraft:melon_slice":11,"minecraft:sugar_cane":22,"minecraft:furnace":19,"minecraft:egg":1,"minecraft:tipped_arrow":25,"minecraft:stick":43,"minecraft:raw_iron":50,"minecraft:oak_door":1,"minecraft:torch":8,"minecraft:porkchop":85,"minecraft:waxed_copper_grate":6,"minecraft:rotten_flesh":1,"minecraft:arrow":181,"minecraft:honey_bottle":4,"minecraft:diamond_chestplate":1,"minecraft:decorated_pot":17,"minecraft:diamond_boots":1,"minecraft:tuff_bricks":4,"minecraft:obsidian":5,"minecraft:mutton":18,"minecraft:white_wool":12,"minecraft:cobblestone":129,"minecraft:enchanting_table":4,"minecraft:feather":14,"minecraft:cooked_beef":17,"minecraft:golden_carrot":3,"minecraft:water_bucket":1,"minecraft:jungle_log":7,"minecraft:leather":43,"minecraft:tuff":7,"minecraft:oak_log":90,"minecraft:golden_boots":1,"minecraft:lapis_lazuli":47,"minecraft:dirt":15,"minecraft:cooked_mutton":18,"minecraft:bone":13,"minecraft:bow":2,"minecraft:wheat_seeds":9,"minecraft:iron_ingot":86,"minecraft:cooked_chicken":18,"minecraft:diamond_helmet":1,"minecraft:book":12,"minecraft:emerald_block":1,"minecraft:cooked_porkchop":47,"minecraft:gravel":1,"minecraft:jungle_planks":5,"minecraft:white_bed":3,"minecraft:spider_eye":13,"minecraft:diamond":39,"minecraft:breeze_rod":10,"minecraft:bread":4,"minecraft:emerald":43,"minecraft:baked_potato":1,"minecraft:oak_sapling":1,"minecraft:chiseled_tuff_bricks":10,"minecraft:coal":53,"minecraft:ender_pearl":8,"minecraft:diamond_pickaxe":1},"minecraft:used":{"minecraft:oak_trapdoor":1,"minecraft:tuff_bricks":4,"minecraft:stone_sword":153,"minecraft:enchanting_table":4,"minecraft:decorated_pot":5,"minecraft:shield":65,"minecraft:trial_key":8,"minecraft:oak_door":1,"minecraft:dirt":15,"minecraft:jungle_planks":12,"minecraft:diamond_helmet":2,"minecraft:waxed_copper_grate":1,"minecraft:tuff":4,"minecraft:bookshelf":2,"minecraft:iron_axe":22,"minecraft:diamond_chestplate":2,"minecraft:bow":20,"minecraft:golden_carrot":1,"minecraft:ominous_bottle":2,"minecraft:furnace":15,"minecraft:egg":1,"minecraft:cooked_beef":23,"minecraft:cobbled_deepslate":109,"minecraft:golden_boots":1,"minecraft:water_bucket":7,"minecraft:diamond_boots":2,"minecraft:baked_potato":1,"minecraft:stone_pickaxe":243,"minecraft:ender_pearl":1,"minecraft:wooden_pickaxe":4,"minecraft:crafting_table":9,"minecraft:white_bed":2,"minecraft:oak_log":2,"minecraft:diamond_pickaxe":251,"minecraft:wind_charge":20,"minecraft:bread":1,"minecraft:melon_slice":6,"minecraft:iron_pickaxe":76,"minecraft:gravel":1,"minecraft:stone_axe":108,"minecraft:diamond_sword":240,"minecraft:cobblestone":77,"minecraft:cooked_porkchop":9,"minecraft:bucket":9,"minecraft:diamond_leggings":2}},"DataVersion":3953}