{"stats":{"minecraft:killed":{"minecraft:pig":26,"minecraft:sheep":13,"minecraft:skeleton":3,"minecraft:zombie":3,"minecraft:chicken":16,"minecraft:cow":21},"minecraft:dropped":{"minecraft:sugar_cane":1,"minecraft:wheat_seeds":9,"minecraft:stone_sword":1,"minecraft:cocoa_beans":2,"minecraft:crafting_table":1,"minecraft:feather":14,"minecraft:rotten_flesh":1,"minecraft:light_gray_wool":1,"minecraft:melon_slice":5,"minecraft:oak_sapling":1,"minecraft:arrow":3,"minecraft:stone_pickaxe":2,"minecraft:iron_pickaxe":1,"minecraft:bone":1},"minecraft:crafted":{"minecraft:cooked_beef":30,"minecraft:oak_door":6,"minecraft:oak_planks":28,"minecraft:diamond_sword":1,"minecraft:cooked_porkchop":28,"minecraft:crafting_table":1,"minecraft:wooden_pickaxe":1,"minecraft:cooked_chicken":16,"minecraft:furnace":4,"minecraft:stone_axe":1,"minecraft:cooked_mutton":18,"minecraft:air":0,"minecraft:jungle_planks":28,"minecraft:diamond_pickaxe":1,"minecraft:book":7,"minecraft:paper":21,"minecraft:shield":1,"minecraft:stick":40,"minecraft:iron_ingot":5,"minecraft:iron_pickaxe":1,"minecraft:stone_pickaxe":2,"minecraft:stone_sword":2,"minecraft:white_bed":1},"minecraft:broken":{"minecraft:stone_sword":1},"minecraft:custom":{"minecraft:interact_with_furnace":30,"minecraft:mob_kills":83,"minecraft:interact_with_crafting_table":15,"minecraft:time_since_death":59552,"minecraft:sleep_in_bed":2,"minecraft:climb_one_cm":868,"minecraft:time_since_rest":28067,"minecraft:sprint_one_cm":186589,"minecraft:damage_taken":576,"minecraft:walk_one_cm":49480,"minecraft:damage_blocked_by_shield":1717,"minecraft:drop":23,"minecraft:damage_dealt":8141,"minecraft:swim_one_cm":29057,"minecraft:fly_one_cm":294046,"minecraft:open_chest":1,"minecraft:crouch_one_cm":29791,"minecraft:play_time":59552,"minecraft:sneak_time":10246,"minecraft:walk_under_water_one_cm":4755,"minecraft:jump":1414,"minecraft:walk_on_water_one_cm":4925,"minecraft:total_world_time":59552,"minecraft:fall_one_cm":44697},"minecraft:mined":{"minecraft:tuff":4,"minecraft:white_bed":2,"minecraft:deepslate_diamond_ore":15,"minecraft:crafting_table":7,"minecraft:short_grass":48,"minecraft:grass_block":4,"minecraft:melon":2,"minecraft:jungle_planks":5,"minecraft:jungle_log":7,"minecraft:tall_grass":5,"minecraft:cobblestone":2,"minecraft:lapis_ore":4,"minecraft:sugar_cane":8,"minecraft:furnace":11,"minecraft:iron_ore":25,"minecraft:birch_leaves":2,"minecraft:coal_ore":33,"minecraft:oak_log":54,"minecraft:deepslate_iron_ore":23,"minecraft:gravel":1,"minecraft:dirt":12,"minecraft:stone":125,"minecraft:deepslate":85,"minecraft:oak_leaves":6,"minecraft:fern":5},"minecraft:picked_up":{"minecraft:cocoa_beans":2,"minecraft:crafting_table":8,"minecraft:feather":14,"minecraft:cooked_beef":1,"minecraft:chicken":16,"minecraft:jungle_log":7,"minecraft:leather":25,"minecraft:tuff":4,"minecraft:oak_log":54,"minecraft:lapis_lazuli":29,"minecraft:dirt":15,"minecraft:bone":1,"minecraft:wheat_seeds":9,"minecraft:cobbled_deepslate":82,"minecraft:beef":47,"minecraft:light_gray_wool":1,"minecraft:melon_slice":11,"minecraft:sugar_cane":22,"minecraft:egg":1,"minecraft:furnace":11,"minecraft:raw_iron":48,"minecraft:oak_door":1,"minecraft:cooked_porkchop":2,"minecraft:gravel":1,"minecraft:porkchop":72,"minecraft:jungle_planks":5,"minecraft:white_bed":2,"minecraft:arrow":3,"minecraft:rotten_flesh":1,"minecraft:diamond":15,"minecraft:oak_sapling":1,"minecraft:mutton":18,"minecraft:coal":33,"minecraft:white_wool":12,"minecraft:cobblestone":124},"minecraft:used":{"minecraft:golden_boots":1,"minecraft:stone_sword":153,"minecraft:stone_pickaxe":243,"minecraft:wooden_pickaxe":4,"minecraft:shield":26,"minecraft:oak_door":1,"minecraft:dirt":15,"minecraft:crafting_table":7,"minecraft:jungle_planks":12,"minecraft:white_bed":2,"minecraft:tuff":1,"minecraft:oak_log":2,"minecraft:diamond_pickaxe":7,"minecraft:melon_slice":6,"minecraft:iron_pickaxe":76,"minecraft:gravel":1,"minecraft:stone_axe":105,"minecraft:diamond_sword":1,"minecraft:cobblestone":34,"minecraft:furnace":11,"minecraft:cooked_porkchop":6,"minecraft:egg":1,"minecraft:cooked_beef":4,"minecraft:cobbled_deepslate":12}},"DataVersion":3953}